{
  "analysis_timestamp": "2025-07-29T14:06:32.507503",
  "vocabulary_size": 50257,
  "storage_analysis": {
    "vocabulary_size": 50257,
    "storage_formats": {
      "float32_binary": {
        "size_bytes": 201028,
        "size_kb": 196.31640625,
        "size_mb": 0.19171524047851562,
        "description": "Raw binary float32 array"
      },
      "float64_binary": {
        "size_bytes": 402056,
        "size_kb": 392.6328125,
        "size_mb": 0.38343048095703125,
        "description": "Raw binary float64 array"
      },
      "json_string": {
        "size_bytes": 1174558,
        "size_kb": 1147.029296875,
        "size_mb": 1.1201457977294922,
        "description": "JSON string representation"
      },
      "json_compressed": {
        "size_bytes": 479676,
        "size_kb": 468.43359375,
        "size_mb": 0.4574546813964844,
        "description": "Gzip compressed JSON"
      },
      "binary_custom": {
        "size_bytes": 201028,
        "size_kb": 196.31640625,
        "size_mb": 0.19171524047851562,
        "description": "Custom binary format"
      }
    }
  },
  "scenarios": {
    "common_words_1000": {
      "float32_mb": 191.71524047851562,
      "json_mb": 1120.1457977294922,
      "compressed_mb": 457.4546813964844
    },
    "all_words_50000": {
      "float32_mb": 9585.762023925781,
      "json_mb": 56007.28988647461,
      "compressed_mb": 22872.73406982422
    }
  },
  "cost_analysis": {
    "redis_cost_per_gb_month": 0.25,
    "monthly_costs_50k": {
      "float32": 2.340273931622505,
      "json": 13.67365475744009,
      "compressed": 5.584163591265678
    }
  }
}